id,mileage,brand,model,fuel,gear,offerType,previous owner,price,horse power,year,engine size,doors,seats,color,category,subcategory
1,41579,Ford,Focus,hybrid,Automatic,used,1,53382.01,86,2012,1.1,2,4,Silver,suv,luxary
2,159472,Chevrolet,Malibu,diesel,Automatic,used,2,64322.48,151,2012,3.8,4,5,Blue,convertible,sport
3,95165,Ford,Focus,diesel,Automatic,used,2,62432.57,344,2008,1.5,4,2,Silver,sedan,classic
4,0,Honda,Accord,gasoline,Manual,new,0,79039.4,189,2024,4.5,4,5,White,sedan,economy
5,0,Honda,CR-V,hybrid,Automatic,new,0,49719.09,195,2025,1.7,4,5,Gray,suv,economy
6,0,Honda,Civic,diesel,Manual,new,0,32403.16,178,2024,4.7,4,4,Gray,pickup,family
7,152159,Kia,Optima,diesel,Manual,used,1,73358.49,274,2009,2.4,2,7,Red,coupe,luxary
8,105039,BMW,5 Series,electric,Manual,used,2,78120.09,75,2007,3.7,2,5,Green,sedan,luxary
9,0,Mercedes-Benz,EQC,hybrid,Manual,new,0,78172.73,161,2025,3.0,2,5,Green,suv,classic
10,144029,Audi,A6,hybrid,Manual,used,3,46759.37,127,2010,4.7,4,4,Red,convertible,classic
11,37967,Ford,Focus,gasoline,Manual,used,3,76545.16,154,2007,2.1,4,4,Silver,convertible,sport
12,36720,Hyundai,Tucson,gasoline,Automatic,used,2,19161.68,80,2021,3.4,2,4,Red,coupe,luxary
13,0,Audi,A4,hybrid,Automatic,new,0,33101.02,318,2025,1.9,2,7,Blue,pickup,family
14,0,Audi,A4,diesel,Manual,new,0,41721.65,97,2025,3.7,2,2,White,sedan,luxary
15,0,Audi,A6,gasoline,Manual,new,0,26926.72,306,2025,2.0,2,7,Green,suv,luxary
16,0,Toyota,Corolla,gasoline,Manual,new,0,46566.67,179,2024,4.5,2,4,White,coupe,family
17,196497,Mercedes-Benz,EQC,electric,Automatic,used,3,27343.36,181,2018,4.9,2,5,Red,coupe,classic
18,0,Kia,Optima,gasoline,Automatic,new,0,53677.28,190,2024,2.6,2,2,Silver,coupe,family
19,192745,Nissan,Rogue,diesel,Automatic,used,3,32264.94,137,2011,3.7,4,7,Black,coupe,luxary
20,0,Kia,Rio,diesel,Automatic,new,0,75661.86,105,2024,4.5,4,5,Blue,pickup,classic
21,74328,Mercedes-Benz,C-Class,hybrid,Automatic,used,1,63257.08,149,2008,2.1,2,5,Blue,sedan,classic
22,0,Kia,Sportage,electric,Manual,new,0,17865.64,240,2024,4.1,4,4,Gray,pickup,classic
23,0,Hyundai,Elantra,gasoline,Automatic,new,0,69248.68,368,2024,3.2,4,4,Red,sedan,sport
24,0,Toyota,RAV4,hybrid,Manual,new,0,65707.56,278,2024,4.9,2,4,Green,convertible,economy
25,0,Hyundai,Elantra,electric,Automatic,new,0,32342.37,125,2025,2.5,2,7,Blue,convertible,family
26,0,Honda,CR-V,hybrid,Automatic,new,0,40900.29,212,2024,4.5,4,5,Gray,suv,family
27,0,Chevrolet,Equinox,diesel,Automatic,new,0,52738.33,205,2024,1.2,4,5,Gray,sedan,family
28,71773,Nissan,Sentra,hybrid,Manual,used,1,15109.93,345,2023,3.7,2,5,White,coupe,sport
29,0,Nissan,Rogue,diesel,Manual,new,0,36201.89,221,2025,3.2,2,7,Gray,pickup,economy
30,84658,Nissan,Rogue,diesel,Automatic,used,1,42942.73,366,2022,3.4,4,7,White,pickup,economy
31,0,Chevrolet,Bolt,diesel,Manual,new,0,21070.17,190,2024,3.7,2,4,Blue,coupe,luxary
32,0,Audi,e-tron,electric,Automatic,new,0,61692.48,266,2025,3.0,2,4,Gray,coupe,luxary
33,0,Hyundai,Sonata,hybrid,Automatic,new,0,74635.55,132,2025,2.8,4,5,Green,pickup,classic
34,129433,Chevrolet,Bolt,electric,Manual,used,3,63865.49,396,2010,2.1,4,4,Black,pickup,luxary
35,146597,Mercedes-Benz,E-Class,hybrid,Automatic,used,2,24803.99,266,2015,3.8,2,2,White,pickup,sport
36,115138,Chevrolet,Bolt,electric,Automatic,used,1,70687.58,364,2006,2.5,2,5,Black,pickup,family
37,119251,Chevrolet,Malibu,electric,Automatic,used,2,40275.72,277,2012,3.9,4,4,Silver,suv,luxary
38,0,Hyundai,Elantra,gasoline,Manual,new,0,26812.39,203,2025,2.5,2,7,Black,sedan,family
39,10081,Mercedes-Benz,EQC,hybrid,Manual,used,2,29574.44,105,2007,4.1,2,2,Blue,convertible,luxary
40,0,Nissan,Altima,electric,Automatic,new,0,51658.02,181,2024,2.9,4,5,Blue,suv,classic
41,11731,Ford,Mustang,diesel,Manual,used,3,40782.54,171,2008,1.3,2,2,Gray,sedan,classic
42,178413,Ford,Focus,diesel,Automatic,used,2,47887.45,244,2022,1.1,4,7,Red,pickup,sport
43,141772,Kia,Optima,diesel,Manual,used,3,45216.8,373,2010,2.1,2,2,Black,pickup,economy
44,90200,Kia,Niro,gasoline,Manual,used,2,28787.79,202,2005,2.4,4,2,Silver,convertible,luxary
45,186039,Audi,e-tron,electric,Manual,used,1,44131.35,78,2022,1.4,2,7,Gray,convertible,sport
46,95113,Nissan,Rogue,electric,Manual,used,3,37867.68,302,2022,2.1,4,4,Red,convertible,sport
47,0,Ford,Mustang,electric,Manual,new,0,62098.03,338,2024,3.4,2,4,Black,convertible,sport
48,0,BMW,X3,diesel,Automatic,new,0,78329.17,353,2024,2.2,2,7,Red,coupe,classic
49,53329,Mercedes-Benz,EQC,hybrid,Manual,used,2,76169.13,314,2019,1.5,2,7,White,coupe,classic
50,0,Toyota,Camry,hybrid,Automatic,new,0,22699.35,283,2025,3.4,2,7,White,pickup,sport
51,20789,Nissan,Leaf,hybrid,Automatic,used,3,55658.48,205,2023,3.6,2,4,Blue,suv,luxary
52,160664,BMW,3 Series,electric,Manual,used,3,17121.59,217,2019,3.8,4,2,Gray,convertible,sport
53,63932,Nissan,Altima,gasoline,Manual,used,3,68731.03,106,2008,1.2,4,5,White,coupe,family
54,134445,Mercedes-Benz,EQC,electric,Automatic,used,3,53872.38,291,2021,3.9,4,2,Red,convertible,classic
55,50925,Nissan,Sentra,electric,Manual,used,1,74544.73,162,2023,5.0,4,7,Red,pickup,sport
56,91456,Hyundai,Tucson,electric,Manual,used,1,33734.16,275,2008,4.3,2,7,Red,sedan,sport
57,177401,Honda,Civic,electric,Manual,used,1,18523.27,335,2021,2.4,4,7,Green,coupe,economy
58,132064,Mercedes-Benz,E-Class,hybrid,Automatic,used,3,78254.54,381,2019,4.2,2,5,Silver,coupe,classic
59,0,Hyundai,Elantra,electric,Automatic,new,0,57101.13,148,2024,3.0,4,5,White,pickup,family
60,0,Audi,e-tron,gasoline,Automatic,new,0,71161.75,211,2025,4.1,4,5,Green,suv,sport
61,177999,Toyota,RAV4,electric,Automatic,used,3,44025.58,317,2023,2.4,4,7,Black,convertible,economy
62,0,Nissan,Leaf,hybrid,Manual,new,0,63405.83,265,2025,2.5,2,7,Red,convertible,classic
63,0,Nissan,Rogue,hybrid,Manual,new,0,15997.59,143,2025,2.6,2,2,White,sedan,sport
64,0,Nissan,Leaf,electric,Manual,new,0,55741.95,319,2025,4.5,2,2,Blue,sedan,economy
65,0,Ford,F-150,electric,Automatic,new,0,60110.08,84,2024,1.2,2,5,Black,sedan,family
66,52200,BMW,5 Series,gasoline,Automatic,used,3,20132.94,265,2023,3.5,2,7,Silver,convertible,economy
67,7463,Kia,Sportage,electric,Manual,used,3,59044.71,150,2013,1.3,4,5,Gray,pickup,sport
68,0,Kia,Sportage,electric,Automatic,new,0,30418.37,362,2025,2.4,4,5,Red,pickup,sport
69,164138,Toyota,Corolla,diesel,Automatic,used,1,56380.16,387,2014,2.0,2,2,Gray,coupe,sport
70,82361,Kia,Rio,diesel,Manual,used,1,26416.6,137,2009,4.1,4,5,Green,convertible,sport
71,24739,Kia,Sportage,gasoline,Automatic,used,2,70909.14,273,2008,4.9,4,2,Green,pickup,luxary
72,181250,Mercedes-Benz,C-Class,diesel,Manual,used,3,68457.12,260,2016,1.4,2,7,Red,suv,classic
73,0,Honda,Accord,diesel,Manual,new,0,22583.94,93,2025,4.8,4,7,Red,coupe,economy
74,180763,Chevrolet,Malibu,electric,Automatic,used,2,72551.9,120,2019,4.3,4,5,Red,sedan,economy
75,0,Kia,Niro,hybrid,Manual,new,0,50390.28,400,2025,2.4,4,5,Blue,coupe,family
76,0,Ford,Mustang,diesel,Automatic,new,0,79273.36,359,2024,1.8,2,4,Green,convertible,sport
77,146614,BMW,3 Series,diesel,Automatic,used,1,22145.21,83,2009,1.5,4,4,Silver,sedan,luxary
78,0,BMW,X3,electric,Automatic,new,0,63468.24,313,2024,2.8,4,2,White,suv,economy
79,13165,Nissan,Sentra,hybrid,Manual,used,3,70074.41,288,2019,3.7,4,7,Red,coupe,sport
80,0,Nissan,Altima,diesel,Manual,new,0,39758.79,375,2024,3.1,4,7,Red,coupe,classic
81,93848,Audi,e-tron,electric,Manual,used,2,42039.33,118,2012,2.3,4,5,Black,convertible,family
82,0,Ford,Focus,electric,Automatic,new,0,63398.28,260,2024,4.2,2,5,Gray,coupe,family
83,0,Honda,Insight,diesel,Manual,new,0,21734.04,329,2025,1.9,4,4,Green,coupe,sport
84,0,Chevrolet,Equinox,gasoline,Manual,new,0,69935.09,388,2025,3.5,2,5,Red,convertible,sport
85,42552,Mercedes-Benz,GLC,electric,Automatic,used,1,24221.85,394,2005,4.9,2,4,White,pickup,family
86,90035,Honda,Accord,hybrid,Automatic,used,3,25112.69,386,2014,1.2,2,5,White,pickup,family
87,139308,Nissan,Leaf,hybrid,Manual,used,1,42944.39,215,2013,3.7,4,5,Red,convertible,family
88,0,Nissan,Sentra,diesel,Automatic,new,0,64877.72,200,2024,2.2,2,2,White,pickup,economy
89,0,BMW,i3,hybrid,Manual,new,0,71014.68,91,2025,2.7,4,2,Green,sedan,classic
90,111176,Hyundai,Ioniq,hybrid,Manual,used,1,26171.76,386,2014,2.8,4,2,White,coupe,economy
91,0,Hyundai,Ioniq,diesel,Manual,new,0,29402.18,156,2025,1.3,2,4,Green,sedan,sport
92,0,BMW,5 Series,diesel,Automatic,new,0,26277.44,148,2024,4.0,2,4,Green,pickup,family
93,120281,Nissan,Leaf,hybrid,Manual,used,1,43743.52,225,2015,4.2,2,5,Silver,coupe,sport
94,0,Kia,Niro,diesel,Manual,new,0,19987.52,116,2024,3.5,4,7,Silver,suv,luxary
95,44547,Kia,Optima,hybrid,Manual,used,3,21727.62,245,2020,4.9,2,4,Red,convertible,family
96,106558,Kia,Optima,electric,Manual,used,2,59128.35,96,2016,4.2,4,2,Black,coupe,classic
97,26365,Hyundai,Tucson,gasoline,Manual,used,2,35165.06,270,2009,1.5,2,5,Silver,pickup,sport
98,9779,BMW,3 Series,diesel,Manual,used,2,26717.09,179,2021,2.4,4,4,Blue,convertible,economy
99,0,Ford,Explorer,diesel,Automatic,new,0,53821.02,148,2024,1.6,2,7,Red,pickup,sport
100,144987,Audi,e-tron,gasoline,Manual,used,1,77763.78,310,2019,4.6,2,5,Gray,suv,family
101,114749,Kia,Sportage,gasoline,Automatic,used,3,67081.85,140,2021,4.5,2,7,Green,sedan,classic
102,76510,Ford,Focus,electric,Automatic,used,1,69018.04,116,2007,4.8,2,7,Black,coupe,family
103,26392,Toyota,Prius,diesel,Automatic,used,2,16832.19,120,2012,4.4,4,4,Blue,coupe,sport
104,6376,Kia,Optima,hybrid,Automatic,used,3,31635.06,146,2019,3.2,4,2,Green,sedan,economy
105,0,Mercedes-Benz,C-Class,electric,Manual,new,0,19082.46,325,2024,3.4,2,4,Gray,convertible,sport
106,114200,Hyundai,Elantra,gasoline,Automatic,used,3,49026.5,254,2012,1.3,2,7,Green,pickup,luxary
107,22710,Hyundai,Tucson,diesel,Automatic,used,2,62641.17,391,2005,1.4,4,4,Red,sedan,classic
108,52783,Honda,Accord,gasoline,Automatic,used,3,61542.93,304,2020,1.1,2,2,Green,convertible,luxary
109,71404,Honda,CR-V,hybrid,Automatic,used,2,33597.21,94,2022,4.5,4,5,Red,sedan,family
110,135076,Hyundai,Ioniq,electric,Manual,used,1,75080.18,335,2015,2.1,2,7,Red,pickup,classic
111,90962,BMW,X3,diesel,Manual,used,1,43984.52,288,2008,1.7,4,5,White,coupe,sport
112,180946,Nissan,Leaf,electric,Manual,used,1,48350.59,151,2006,4.8,2,7,Red,convertible,luxary
113,13489,Audi,Q5,gasoline,Manual,used,3,76673.53,260,2017,2.8,2,4,Silver,sedan,family
114,0,Honda,CR-V,hybrid,Automatic,new,0,47437.86,268,2024,4.7,2,5,Green,sedan,family
115,40580,Audi,Q5,hybrid,Manual,used,1,26222.66,297,2011,5.0,4,5,Gray,coupe,classic
116,191007,Chevrolet,Equinox,gasoline,Manual,used,3,48069.12,132,2010,4.9,2,4,Green,pickup,luxary
117,165418,Honda,CR-V,hybrid,Automatic,used,1,35103.9,315,2022,3.1,4,2,Blue,sedan,luxary
118,172718,Kia,Niro,gasoline,Automatic,used,3,43120.19,98,2009,4.3,2,5,Blue,convertible,sport
119,56459,Audi,Q5,diesel,Automatic,used,2,55626.45,384,2007,3.1,2,4,Blue,suv,classic
120,0,Honda,Civic,hybrid,Manual,new,0,57323.45,362,2024,2.7,2,7,Gray,suv,sport
121,0,Mercedes-Benz,EQC,diesel,Manual,new,0,19743.25,100,2025,1.6,4,7,White,convertible,sport
122,95536,Nissan,Altima,electric,Automatic,used,3,64443.22,333,2015,3.2,4,4,White,coupe,sport
123,0,Kia,Optima,hybrid,Manual,new,0,76450.02,385,2024,2.7,2,5,Silver,sedan,economy
124,135382,BMW,i3,hybrid,Automatic,used,2,76440.13,328,2020,2.8,2,4,Silver,sedan,luxary
125,145690,Toyota,RAV4,hybrid,Automatic,used,2,43010.31,205,2020,3.9,4,5,Red,pickup,luxary
126,24275,Nissan,Altima,electric,Manual,used,2,64686.27,213,2022,4.3,2,4,Red,pickup,sport
127,0,Honda,CR-V,electric,Automatic,new,0,17944.72,140,2024,3.9,4,7,Blue,suv,classic
128,166611,BMW,X3,diesel,Manual,used,2,47975.47,330,2010,3.1,4,7,Green,coupe,sport
129,195139,Honda,Civic,hybrid,Manual,used,2,32259.48,366,2023,3.3,2,7,Blue,suv,classic
130,0,Hyundai,Sonata,hybrid,Automatic,new,0,16230.93,230,2024,2.7,4,4,White,suv,classic
131,0,Kia,Rio,diesel,Manual,new,0,49156.01,230,2024,4.8,4,5,Silver,sedan,sport
132,0,Nissan,Leaf,diesel,Manual,new,0,29616.36,222,2024,4.1,2,7,Black,pickup,sport
133,182372,Chevrolet,Equinox,electric,Manual,used,3,68194.53,144,2008,2.2,4,2,Black,pickup,sport
134,0,Kia,Optima,diesel,Automatic,new,0,22099.73,370,2025,2.0,2,4,Gray,convertible,luxary
135,183570,Ford,F-150,gasoline,Automatic,used,1,77693.72,150,2020,2.6,4,7,Gray,convertible,sport
136,0,Honda,CR-V,gasoline,Automatic,new,0,74359.93,159,2024,2.7,2,2,Green,pickup,family
137,0,BMW,X3,diesel,Automatic,new,0,75349.56,241,2024,2.1,4,4,Green,suv,family
138,0,Mercedes-Benz,E-Class,gasoline,Manual,new,0,57138.55,165,2025,1.1,4,5,Silver,convertible,economy
139,27737,Nissan,Leaf,electric,Automatic,used,2,27010.78,141,2021,2.9,2,2,Black,pickup,economy
140,194499,Kia,Sportage,hybrid,Manual,used,3,57489.42,190,2014,1.2,2,7,Black,convertible,family
141,0,Chevrolet,Equinox,diesel,Automatic,new,0,29243.36,138,2025,2.9,4,5,White,suv,family
142,0,Chevrolet,Malibu,electric,Manual,new,0,20076.68,358,2024,1.4,2,4,Blue,sedan,classic
143,0,Kia,Rio,hybrid,Manual,new,0,67564.99,302,2025,1.5,4,7,Silver,coupe,classic
144,0,Kia,Sportage,diesel,Automatic,new,0,63477.29,366,2025,1.3,4,5,Gray,coupe,classic
145,112182,Toyota,Corolla,gasoline,Automatic,used,2,64778.8,400,2006,4.9,4,7,White,pickup,family
146,145839,Ford,Mustang,electric,Automatic,used,1,62310.78,184,2008,4.3,2,5,White,suv,family
147,0,Chevrolet,Bolt,electric,Manual,new,0,25082.89,166,2024,4.7,2,2,Green,pickup,classic
148,0,Toyota,Camry,hybrid,Automatic,new,0,44018.67,94,2024,2.0,2,7,White,convertible,classic
149,0,Audi,A4,gasoline,Manual,new,0,52535.86,234,2025,1.9,2,4,White,sedan,sport
150,17290,Toyota,Camry,diesel,Manual,used,2,66077.3,233,2022,3.8,4,4,Black,pickup,economy
151,0,Chevrolet,Bolt,diesel,Automatic,new,0,67375.45,99,2024,3.2,4,4,White,convertible,sport
152,0,Audi,Q5,diesel,Automatic,new,0,49816.31,167,2025,1.2,4,2,Green,coupe,economy
153,84478,Nissan,Altima,hybrid,Automatic,used,2,75915.38,130,2011,4.0,4,4,Gray,suv,economy
154,127224,Hyundai,Sonata,diesel,Manual,used,2,32001.51,332,2014,4.5,4,2,Green,pickup,sport
155,152462,Audi,Q5,gasoline,Automatic,used,1,16054.29,353,2018,4.7,4,5,Blue,convertible,sport
156,0,Audi,e-tron,diesel,Manual,new,0,64618.44,320,2025,4.9,4,7,Blue,sedan,economy
157,0,BMW,i3,hybrid,Automatic,new,0,76437.23,94,2024,4.1,4,4,Green,convertible,luxary
158,0,BMW,3 Series,diesel,Automatic,new,0,55159.29,385,2025,4.7,4,2,Red,suv,classic
159,0,Hyundai,Elantra,diesel,Automatic,new,0,47644.04,290,2025,4.2,2,2,Red,suv,economy
160,109044,Audi,A6,hybrid,Manual,used,2,77354.36,305,2016,3.3,2,5,Gray,coupe,luxary
161,129781,Ford,F-150,hybrid,Automatic,used,3,60684.93,112,2017,3.0,4,5,Silver,coupe,classic
162,0,Toyota,Camry,diesel,Automatic,new,0,75070.35,213,2025,4.6,2,4,Green,sedan,luxary
163,47585,Audi,A6,gasoline,Manual,used,2,59007.27,346,2007,2.3,2,2,Silver,sedan,luxary
164,0,Ford,F-150,diesel,Manual,new,0,77979.83,237,2024,1.1,4,7,White,convertible,sport
165,158583,Chevrolet,Bolt,electric,Automatic,used,3,65190.88,221,2010,4.2,2,2,Black,convertible,family
166,28991,BMW,i3,hybrid,Manual,used,1,43907.83,208,2016,1.4,2,4,White,pickup,classic
167,0,Chevrolet,Bolt,hybrid,Manual,new,0,51024.29,375,2024,3.4,4,7,Red,sedan,family
168,0,Hyundai,Elantra,electric,Automatic,new,0,24024.6,224,2024,2.1,2,2,Blue,pickup,sport
169,70981,Hyundai,Tucson,gasoline,Manual,used,2,53597.42,170,2007,2.8,2,5,Red,pickup,sport
170,117883,Nissan,Leaf,gasoline,Manual,used,2,35843.24,172,2019,2.9,2,7,Black,sedan,family
171,108005,Nissan,Altima,diesel,Automatic,used,2,75584.36,172,2017,3.4,2,2,Gray,pickup,economy
172,0,Kia,Sportage,electric,Automatic,new,0,56166.84,193,2025,2.0,2,7,Green,pickup,luxary
173,186327,Kia,Niro,electric,Automatic,used,3,66396.86,254,2022,3.8,2,2,Green,convertible,sport
174,32772,BMW,3 Series,hybrid,Automatic,used,2,31817.99,331,2015,4.0,2,7,Black,pickup,family
175,32406,Nissan,Altima,diesel,Manual,used,2,74835.59,113,2005,1.5,2,5,Black,sedan,family
176,119862,Audi,e-tron,electric,Manual,used,1,19366.33,92,2020,4.2,2,2,Green,sedan,luxary
177,0,BMW,5 Series,diesel,Manual,new,0,77300.07,188,2024,4.2,2,4,Gray,pickup,family
178,106930,Toyota,Camry,hybrid,Automatic,used,2,28375.99,102,2023,3.3,2,5,Black,convertible,family
179,87157,Ford,Explorer,electric,Manual,used,3,53155.31,248,2021,2.4,4,4,Green,sedan,classic
180,0,Nissan,Sentra,hybrid,Automatic,new,0,34849.7,163,2025,2.5,2,7,White,suv,economy
181,171592,Nissan,Leaf,gasoline,Automatic,used,2,46826.73,141,2010,1.7,4,2,Green,sedan,luxary
182,0,Kia,Optima,electric,Manual,new,0,59505.28,282,2025,3.8,4,7,Blue,coupe,classic
183,63941,Toyota,Camry,diesel,Automatic,used,2,65748.11,359,2006,4.0,4,2,Silver,coupe,sport
184,0,Chevrolet,Equinox,gasoline,Manual,new,0,21657.07,196,2025,2.2,2,7,Black,sedan,luxary
185,0,Kia,Rio,diesel,Manual,new,0,25788.81,141,2024,4.1,2,2,Silver,sedan,classic
186,155139,Mercedes-Benz,E-Class,diesel,Automatic,used,2,23813.28,280,2014,4.7,4,4,Gray,convertible,economy
187,0,BMW,X3,electric,Automatic,new,0,52532.66,207,2025,3.5,4,7,Red,coupe,family
188,90796,Chevrolet,Equinox,hybrid,Automatic,used,2,62510.58,304,2019,3.5,4,2,Green,suv,family
189,0,Audi,e-tron,diesel,Manual,new,0,68842.34,242,2025,3.2,2,7,Green,sedan,luxary
190,46414,Toyota,Corolla,electric,Manual,used,1,15043.94,289,2005,1.8,2,5,Blue,sedan,luxary
191,0,Honda,CR-V,gasoline,Automatic,new,0,40762.2,226,2025,3.9,2,7,Gray,coupe,luxary
192,160629,Toyota,Camry,gasoline,Manual,used,1,15603.65,245,2007,4.3,4,4,White,coupe,economy
193,0,Hyundai,Elantra,diesel,Manual,new,0,72264.28,140,2024,2.5,2,4,Red,suv,classic
194,60851,Toyota,Camry,gasoline,Manual,used,3,55044.94,296,2016,4.4,2,2,Blue,coupe,classic
195,69955,Hyundai,Tucson,diesel,Automatic,used,1,31130.86,377,2015,3.4,4,2,Green,sedan,economy
196,19304,Chevrolet,Malibu,gasoline,Manual,used,3,40082.56,193,2014,3.0,2,2,Black,sedan,economy
197,50290,Hyundai,Ioniq,electric,Automatic,used,3,16084.81,104,2022,1.1,2,2,Red,pickup,classic
198,172913,Mercedes-Benz,EQC,gasoline,Manual,used,1,20433.81,110,2017,3.0,2,4,Silver,sedan,family
199,67557,Nissan,Sentra,hybrid,Automatic,used,3,20603.83,292,2018,1.5,2,5,Gray,convertible,luxary
200,0,Toyota,Camry,electric,Manual,new,0,48995.35,202,2024,1.7,2,5,Gray,coupe,luxary
201,73930,Honda,Insight,hybrid,Manual,used,1,44587.86,254,2021,1.2,2,5,Blue,sedan,luxary
202,0,Nissan,Sentra,hybrid,Automatic,new,0,30895.84,311,2024,2.5,2,4,Green,coupe,classic
203,193819,Hyundai,Sonata,diesel,Manual,used,2,68689.8,362,2012,2.5,2,4,Blue,suv,luxary
204,90799,Hyundai,Elantra,hybrid,Manual,used,2,15518.0,172,2014,2.2,4,4,White,sedan,classic
205,0,Kia,Optima,hybrid,Manual,new,0,16554.17,347,2024,2.4,2,5,Red,pickup,sport
206,0,Ford,Mustang,electric,Automatic,new,0,78216.35,142,2025,3.8,2,2,Blue,suv,family
207,0,Honda,Insight,gasoline,Manual,new,0,19863.98,360,2024,1.2,2,4,Black,sedan,sport
208,66239,Hyundai,Tucson,hybrid,Automatic,used,2,23847.27,369,2019,1.4,2,4,White,pickup,sport
209,85821,Hyundai,Elantra,electric,Manual,used,2,70411.34,116,2011,1.6,4,2,Blue,sedan,economy
210,17832,Ford,Mustang,diesel,Manual,used,3,68305.83,159,2017,1.1,4,7,Silver,suv,economy
211,0,Ford,F-150,hybrid,Automatic,new,0,19008.5,183,2024,1.5,4,5,Gray,coupe,classic
212,0,Nissan,Rogue,hybrid,Automatic,new,0,73662.25,297,2024,4.2,2,5,Red,coupe,family
213,12728,Toyota,Camry,electric,Manual,used,2,26232.47,179,2017,4.6,4,5,White,convertible,luxary
214,149359,Nissan,Altima,electric,Automatic,used,2,20701.9,266,2020,1.5,2,4,Gray,suv,luxary
215,95186,Hyundai,Tucson,diesel,Manual,used,2,32578.32,83,2022,2.3,2,2,Green,sedan,luxary
216,0,Kia,Sportage,hybrid,Automatic,new,0,57696.19,206,2024,3.1,2,4,Silver,pickup,sport
217,0,BMW,5 Series,diesel,Automatic,new,0,60724.44,250,2025,4.8,2,4,Green,pickup,classic
218,19724,Mercedes-Benz,E-Class,gasoline,Automatic,used,1,16295.32,314,2006,1.0,2,4,Black,convertible,sport
219,0,Toyota,Corolla,hybrid,Manual,new,0,77436.32,261,2024,3.8,4,2,Black,sedan,sport
220,88173,BMW,5 Series,gasoline,Manual,used,3,29510.42,371,2020,4.3,4,5,Gray,sedan,economy
221,52731,BMW,3 Series,diesel,Automatic,used,1,56577.04,123,2023,4.7,2,5,Gray,coupe,economy
222,0,Honda,CR-V,diesel,Manual,new,0,15740.72,177,2024,2.0,2,5,Black,coupe,luxary
223,113532,Toyota,Prius,electric,Manual,used,1,37830.03,262,2018,1.4,4,4,Blue,pickup,luxary
224,0,Toyota,RAV4,diesel,Automatic,new,0,19823.03,157,2025,4.6,2,2,Silver,coupe,sport
225,0,Nissan,Leaf,gasoline,Manual,new,0,25211.75,121,2025,2.3,2,7,Gray,suv,classic
226,18011,Mercedes-Benz,GLC,electric,Manual,used,1,24983.35,254,2012,1.0,2,5,Green,suv,family
227,0,Audi,A4,gasoline,Manual,new,0,78508.75,312,2024,4.4,4,7,White,pickup,sport
228,0,Ford,F-150,electric,Manual,new,0,27127.89,92,2025,2.1,4,5,Blue,sedan,classic
229,0,Toyota,Camry,diesel,Manual,new,0,78095.86,371,2024,1.9,2,7,Green,suv,family
230,0,Chevrolet,Bolt,diesel,Automatic,new,0,40662.28,87,2025,3.0,2,2,Green,pickup,economy
231,0,BMW,5 Series,hybrid,Manual,new,0,20093.95,292,2024,1.8,2,5,Black,coupe,luxary
232,125103,Hyundai,Ioniq,hybrid,Manual,used,3,22313.72,146,2013,1.6,2,2,Silver,coupe,sport
233,176648,Chevrolet,Equinox,electric,Manual,used,2,17435.27,211,2013,2.6,4,2,White,sedan,economy
234,93569,Toyota,Prius,diesel,Manual,used,1,33222.53,321,2016,4.4,2,4,Blue,sedan,family
235,120793,Honda,CR-V,gasoline,Manual,used,1,63161.41,334,2007,4.5,2,4,Red,sedan,classic
236,0,Hyundai,Sonata,gasoline,Automatic,new,0,69403.48,197,2024,1.1,2,5,Gray,convertible,sport
237,13011,Honda,Insight,gasoline,Manual,used,3,46771.14,298,2008,1.7,4,5,Black,convertible,sport
238,0,Ford,Explorer,hybrid,Automatic,new,0,70498.39,179,2025,4.4,2,4,Black,pickup,classic
239,50403,Toyota,Corolla,hybrid,Automatic,used,3,31405.38,226,2009,3.9,4,7,White,sedan,family
240,141482,Mercedes-Benz,E-Class,electric,Automatic,used,3,15477.59,261,2014,3.2,4,5,Gray,coupe,family
241,73458,Ford,Explorer,diesel,Automatic,used,2,24745.4,193,2015,4.6,4,5,Gray,convertible,luxary
242,106783,Kia,Sportage,hybrid,Automatic,used,2,37305.86,183,2018,3.7,4,5,Silver,sedan,economy
243,38539,Chevrolet,Malibu,diesel,Automatic,used,2,76550.02,241,2008,3.6,2,5,Blue,sedan,family
244,126572,Honda,CR-V,hybrid,Manual,used,2,18489.0,394,2023,3.3,2,7,Blue,suv,luxary
245,41009,Hyundai,Tucson,gasoline,Manual,used,1,41597.47,361,2006,4.6,4,4,Black,convertible,luxary
246,0,Kia,Sportage,hybrid,Automatic,new,0,44383.46,177,2025,4.0,2,4,White,coupe,economy
247,130147,Nissan,Leaf,electric,Automatic,used,2,17452.15,172,2017,3.9,2,5,Green,suv,economy
248,0,Toyota,Corolla,diesel,Manual,new,0,23380.5,266,2024,3.0,4,4,Red,coupe,sport
249,40072,Mercedes-Benz,EQC,diesel,Manual,used,3,38351.31,166,2018,1.7,4,2,Blue,convertible,economy
250,0,Audi,A4,diesel,Automatic,new,0,39387.51,397,2024,2.0,2,2,Gray,coupe,luxary
251,37399,Toyota,Corolla,diesel,Manual,used,2,60621.43,175,2019,3.8,2,5,White,coupe,classic
252,193420,Mercedes-Benz,E-Class,hybrid,Manual,used,3,22410.82,124,2008,3.0,2,5,Green,suv,economy
253,148691,Honda,Insight,electric,Automatic,used,1,59733.25,316,2010,2.3,2,2,Gray,coupe,luxary
254,0,Nissan,Leaf,hybrid,Automatic,new,0,73810.66,399,2024,1.9,4,5,White,coupe,luxary
255,86974,BMW,3 Series,electric,Automatic,used,3,21174.9,93,2016,1.0,2,4,Black,sedan,family
256,0,Nissan,Rogue,diesel,Automatic,new,0,22399.08,274,2025,4.8,4,7,Gray,pickup,family
257,0,BMW,3 Series,gasoline,Automatic,new,0,42041.8,372,2024,2.9,4,4,Silver,pickup,sport
258,0,Nissan,Sentra,electric,Automatic,new,0,72693.61,295,2025,1.2,4,5,Red,suv,classic
259,185418,Nissan,Altima,hybrid,Manual,used,3,58011.36,197,2021,2.9,4,4,Green,suv,classic
260,0,Toyota,Corolla,electric,Automatic,new,0,19866.24,321,2025,2.3,4,5,Red,suv,economy
261,125348,Chevrolet,Bolt,electric,Manual,used,1,20721.29,325,2012,2.8,2,7,Gray,coupe,luxary
262,0,Hyundai,Ioniq,hybrid,Manual,new,0,72857.21,357,2024,1.8,4,5,Black,coupe,economy
263,123628,Kia,Sportage,hybrid,Automatic,used,3,64355.8,183,2016,1.0,4,5,Silver,suv,sport
264,0,Ford,Focus,gasoline,Manual,new,0,21952.5,382,2025,1.8,2,7,Blue,pickup,economy
265,181197,Honda,Civic,hybrid,Manual,used,3,44730.21,371,2006,4.8,2,7,Red,suv,luxary
266,186355,Chevrolet,Bolt,gasoline,Automatic,used,1,21731.01,377,2021,3.4,4,7,White,suv,economy
267,39962,Mercedes-Benz,EQC,gasoline,Manual,used,2,54164.09,332,2014,2.2,4,4,Blue,convertible,classic
268,0,Mercedes-Benz,GLC,diesel,Automatic,new,0,64450.38,357,2024,2.9,4,5,Green,pickup,luxary
269,0,Chevrolet,Cruze,gasoline,Automatic,new,0,58566.52,172,2025,2.1,2,5,Gray,sedan,economy
270,0,Toyota,RAV4,diesel,Manual,new,0,21661.2,357,2024,4.5,4,4,Silver,sedan,luxary
271,19103,Hyundai,Ioniq,hybrid,Manual,used,3,28200.67,296,2015,4.3,4,4,Green,convertible,sport
272,0,Kia,Optima,gasoline,Automatic,new,0,39517.88,289,2024,2.1,4,4,Blue,suv,sport
273,45292,Toyota,RAV4,diesel,Automatic,used,1,65287.96,390,2009,3.5,4,7,Green,suv,classic
274,53200,Honda,Civic,hybrid,Automatic,used,1,42035.53,344,2021,2.6,4,4,Blue,sedan,sport
275,0,Honda,CR-V,hybrid,Automatic,new,0,58481.0,298,2025,2.0,2,2,Gray,sedan,family
276,79141,Ford,F-150,hybrid,Manual,used,3,48430.09,330,2022,2.8,2,5,Gray,convertible,sport
277,0,Chevrolet,Cruze,hybrid,Automatic,new,0,28700.8,392,2024,4.1,4,2,Blue,suv,family
278,0,Ford,Mustang,diesel,Automatic,new,0,20688.86,97,2025,1.7,4,2,Silver,convertible,sport
279,87943,Hyundai,Ioniq,hybrid,Manual,used,2,58764.42,343,2017,1.0,2,2,Gray,coupe,sport
280,27676,Chevrolet,Cruze,diesel,Manual,used,3,39791.88,85,2014,2.9,2,4,Gray,pickup,classic
281,150103,Mercedes-Benz,E-Class,gasoline,Automatic,used,1,17715.25,363,2016,3.4,2,5,Blue,sedan,economy
282,0,Hyundai,Sonata,gasoline,Manual,new,0,27631.2,162,2024,3.7,2,7,Gray,suv,luxary
283,195208,Mercedes-Benz,C-Class,electric,Manual,used,1,38213.99,190,2008,1.4,2,4,Black,pickup,family
284,0,Honda,CR-V,diesel,Manual,new,0,25961.57,230,2025,2.0,2,7,Black,sedan,economy
285,85077,Honda,Insight,electric,Automatic,used,2,26425.06,380,2019,1.3,4,4,Silver,convertible,sport
286,0,Ford,Focus,electric,Automatic,new,0,73909.73,352,2024,2.0,4,4,Black,pickup,economy
287,0,Nissan,Rogue,hybrid,Manual,new,0,38651.26,75,2025,3.7,2,4,White,convertible,economy
288,62362,Nissan,Altima,electric,Automatic,used,1,19085.98,259,2016,1.9,2,5,White,pickup,family
289,141674,Toyota,Corolla,diesel,Manual,used,3,52611.04,361,2008,1.7,4,5,Silver,coupe,classic
290,0,Mercedes-Benz,EQC,diesel,Manual,new,0,46646.0,316,2025,4.5,2,4,White,convertible,economy
291,0,Ford,Explorer,gasoline,Automatic,new,0,38544.49,130,2024,3.6,4,5,Gray,coupe,family
292,0,Kia,Niro,electric,Automatic,new,0,30838.57,135,2024,3.3,2,4,Gray,suv,luxary
293,0,Nissan,Altima,diesel,Automatic,new,0,48581.65,277,2024,3.4,2,5,Red,convertible,family
294,112680,Nissan,Leaf,gasoline,Automatic,used,1,55508.76,331,2010,2.1,4,7,Silver,suv,luxary
295,9341,Audi,e-tron,gasoline,Manual,used,1,68723.42,380,2009,1.4,4,2,Green,suv,classic
296,146370,Ford,Focus,hybrid,Manual,used,3,48932.87,259,2009,4.5,4,4,Green,pickup,family
297,130079,Honda,Civic,gasoline,Automatic,used,2,33412.33,348,2009,2.6,2,2,Gray,coupe,classic
298,0,Chevrolet,Cruze,gasoline,Manual,new,0,41574.93,124,2025,1.6,4,5,Green,suv,family
299,113325,Nissan,Rogue,electric,Automatic,used,1,39063.84,354,2017,2.9,4,5,Green,pickup,economy
300,61218,Ford,Mustang,electric,Manual,used,1,67055.49,384,2010,3.8,2,4,White,coupe,luxary
301,73967,BMW,i3,gasoline,Manual,used,1,20202.58,89,2007,3.9,4,5,Gray,suv,luxary
302,177198,BMW,i3,diesel,Automatic,used,1,17184.61,376,2005,3.0,2,4,Gray,coupe,sport
303,0,Audi,A4,diesel,Manual,new,0,37953.3,272,2024,2.6,2,2,Gray,coupe,luxary
304,64322,Chevrolet,Equinox,gasoline,Manual,used,2,75431.4,364,2016,1.0,2,7,Silver,coupe,classic
305,72552,Ford,Explorer,diesel,Manual,used,3,77793.6,358,2008,2.9,2,5,Green,pickup,family
306,22708,Nissan,Sentra,electric,Automatic,used,2,58999.34,187,2008,4.2,4,5,Silver,suv,luxary
307,181605,Mercedes-Benz,E-Class,diesel,Automatic,used,2,51045.85,161,2007,2.9,4,4,Silver,sedan,economy
308,0,Audi,e-tron,gasoline,Manual,new,0,28440.61,173,2024,4.3,4,4,Green,coupe,luxary
309,0,Ford,F-150,electric,Manual,new,0,55343.39,322,2024,4.6,4,7,Blue,suv,sport
310,0,Hyundai,Sonata,electric,Manual,new,0,76077.54,86,2024,3.0,4,4,White,coupe,classic
311,0,Kia,Sportage,gasoline,Manual,new,0,52765.53,236,2024,2.4,4,4,Silver,sedan,economy
312,135749,Mercedes-Benz,EQC,electric,Automatic,used,1,42241.04,260,2016,2.5,4,5,White,convertible,classic
313,0,BMW,5 Series,gasoline,Manual,new,0,70660.07,170,2025,1.6,2,7,Green,coupe,economy
314,0,Hyundai,Ioniq,electric,Manual,new,0,31313.31,360,2025,1.2,2,4,Red,convertible,sport
315,99624,Kia,Rio,diesel,Manual,used,2,37369.12,280,2015,1.5,2,4,Green,sedan,sport
316,165868,Honda,Insight,diesel,Manual,used,2,56061.29,144,2007,4.5,4,7,Gray,suv,classic
317,0,Hyundai,Elantra,diesel,Automatic,new,0,35376.33,219,2024,3.8,4,5,White,sedan,classic
318,11055,Chevrolet,Bolt,gasoline,Automatic,used,1,58031.47,110,2010,1.8,4,2,Red,coupe,family
319,0,Chevrolet,Cruze,hybrid,Automatic,new,0,32059.4,149,2025,1.3,4,5,Blue,convertible,sport
320,0,Kia,Optima,hybrid,Automatic,new,0,58130.69,236,2024,4.5,4,5,Silver,pickup,economy
321,142221,Chevrolet,Malibu,diesel,Manual,used,2,46307.36,186,2023,4.2,4,5,Black,pickup,sport
322,0,BMW,X3,gasoline,Manual,new,0,33639.55,343,2024,1.0,4,7,Black,coupe,family
323,0,Mercedes-Benz,E-Class,gasoline,Manual,new,0,72340.53,293,2025,2.6,2,7,Green,pickup,economy
324,165750,Mercedes-Benz,C-Class,diesel,Manual,used,3,57149.71,342,2012,4.2,4,4,Green,coupe,economy
325,0,BMW,X3,electric,Manual,new,0,60530.72,321,2025,1.8,2,4,Red,suv,luxary
326,192484,BMW,3 Series,electric,Automatic,used,1,30132.68,147,2013,1.1,2,5,White,sedan,family
327,0,Honda,Insight,hybrid,Automatic,new,0,18642.49,270,2025,1.3,4,4,Blue,sedan,family
328,0,Toyota,Corolla,electric,Automatic,new,0,62945.24,87,2025,1.8,2,4,White,pickup,sport
329,0,Honda,Accord,diesel,Manual,new,0,56503.8,171,2024,2.4,2,4,Red,convertible,family
330,0,Honda,Civic,hybrid,Manual,new,0,66294.35,74,2025,4.9,4,4,Black,coupe,economy
331,0,BMW,i3,hybrid,Automatic,new,0,38108.65,148,2025,3.8,2,4,White,convertible,sport
332,185682,Chevrolet,Equinox,electric,Manual,used,1,62085.95,198,2011,4.6,4,7,Silver,sedan,classic
333,0,Kia,Optima,diesel,Manual,new,0,32896.09,376,2025,4.7,2,2,Silver,convertible,family
334,172254,Mercedes-Benz,GLC,electric,Automatic,used,1,72390.6,387,2019,4.4,2,5,Gray,coupe,classic
335,165704,Hyundai,Sonata,diesel,Manual,used,1,41637.29,234,2022,1.4,2,2,Green,convertible,economy
336,0,Toyota,Camry,gasoline,Automatic,new,0,17068.11,398,2025,4.3,4,5,Red,sedan,economy
337,0,Nissan,Sentra,electric,Automatic,new,0,45423.84,397,2024,1.2,4,5,Green,coupe,classic
338,0,Mercedes-Benz,C-Class,hybrid,Automatic,new,0,77438.14,119,2025,1.4,2,7,Blue,convertible,classic
339,156142,Audi,A6,diesel,Manual,used,3,60665.78,288,2008,4.5,2,4,Silver,pickup,classic
340,149200,Honda,Accord,diesel,Manual,used,2,41802.31,394,2016,2.7,4,4,Silver,suv,economy
341,109094,Hyundai,Tucson,hybrid,Automatic,used,2,78892.17,375,2019,1.1,2,5,Red,sedan,economy
342,0,Audi,Q5,gasoline,Automatic,new,0,17452.86,252,2025,1.6,4,5,Silver,convertible,economy
343,0,Mercedes-Benz,GLC,gasoline,Automatic,new,0,62032.73,317,2025,1.7,2,5,Red,suv,family
344,114188,Ford,Focus,hybrid,Automatic,used,2,63599.11,378,2016,4.7,4,2,Black,suv,luxary
345,62880,Honda,Accord,gasoline,Automatic,used,3,58786.29,271,2021,4.9,2,4,White,sedan,family
346,154799,BMW,5 Series,hybrid,Manual,used,2,32066.27,274,2007,3.0,2,4,White,suv,economy
347,0,Kia,Niro,gasoline,Automatic,new,0,32306.71,290,2024,2.3,2,2,Gray,pickup,family
348,0,Honda,CR-V,diesel,Automatic,new,0,65029.28,156,2025,5.0,4,4,White,coupe,economy
349,0,Audi,Q5,hybrid,Automatic,new,0,30798.14,387,2024,4.7,4,2,Black,coupe,sport
350,0,Kia,Niro,gasoline,Automatic,new,0,28247.09,337,2025,4.0,4,4,Gray,coupe,family
351,79452,Nissan,Sentra,gasoline,Manual,used,1,18450.54,74,2010,1.3,4,5,Green,coupe,luxary
352,0,Mercedes-Benz,EQC,hybrid,Manual,new,0,46503.04,375,2025,3.1,2,4,Silver,pickup,classic
353,0,Toyota,Corolla,diesel,Manual,new,0,40570.99,150,2025,1.1,4,5,Gray,sedan,economy
354,0,Chevrolet,Equinox,electric,Automatic,new,0,76368.89,213,2025,1.9,4,7,Gray,convertible,luxary
355,45042,Hyundai,Sonata,electric,Manual,used,3,74132.8,238,2012,2.8,2,4,Gray,convertible,classic
356,0,Chevrolet,Malibu,gasoline,Manual,new,0,79719.58,144,2025,3.6,2,5,Red,suv,classic
357,12728,Ford,Mustang,diesel,Manual,used,3,77477.75,225,2009,2.8,4,4,Green,convertible,luxary
358,0,BMW,5 Series,gasoline,Automatic,new,0,30009.3,83,2025,2.4,4,4,Silver,suv,family
359,41048,Honda,Accord,gasoline,Automatic,used,2,29707.75,279,2020,4.1,2,5,White,convertible,economy
360,0,Audi,A4,electric,Manual,new,0,71340.37,196,2025,2.7,2,7,Gray,sedan,family
361,0,Nissan,Sentra,electric,Automatic,new,0,72055.7,195,2025,3.1,4,2,Silver,pickup,classic
362,84837,Toyota,Camry,diesel,Manual,used,2,25821.63,220,2019,3.5,2,4,White,pickup,luxary
363,0,Chevrolet,Cruze,electric,Manual,new,0,36024.96,82,2024,1.7,2,7,Red,sedan,sport
364,0,BMW,3 Series,electric,Manual,new,0,20544.93,266,2024,3.9,2,7,Silver,pickup,luxary
365,0,BMW,X3,gasoline,Automatic,new,0,64995.19,96,2024,2.7,4,7,Black,convertible,luxary
366,0,BMW,5 Series,hybrid,Manual,new,0,47345.79,325,2025,3.2,2,7,Blue,convertible,classic
367,162605,Kia,Niro,hybrid,Automatic,used,1,72340.91,212,2019,3.5,2,2,Blue,convertible,luxary
368,0,Honda,Civic,diesel,Manual,new,0,74825.01,95,2024,1.4,2,4,Gray,sedan,classic
369,14395,Nissan,Altima,hybrid,Manual,used,2,35983.42,264,2023,4.3,4,2,Black,pickup,economy
370,142532,Ford,Explorer,gasoline,Automatic,used,2,54783.49,125,2021,3.3,2,7,Gray,suv,sport
371,168379,Hyundai,Tucson,diesel,Automatic,used,3,54928.85,324,2021,3.1,4,7,Green,convertible,classic
372,0,Audi,Q5,hybrid,Automatic,new,0,45217.57,130,2024,3.9,2,7,White,coupe,sport
373,0,Honda,Accord,diesel,Manual,new,0,66362.71,227,2024,2.2,4,2,Red,sedan,sport
374,0,Hyundai,Elantra,diesel,Manual,new,0,74948.18,315,2024,4.7,2,4,White,convertible,family
375,19685,Chevrolet,Equinox,diesel,Manual,used,3,51086.52,79,2018,1.8,4,5,Red,convertible,sport
376,154679,Toyota,RAV4,electric,Automatic,used,1,53687.47,227,2022,3.8,4,2,Black,pickup,luxary
377,61659,Kia,Optima,diesel,Automatic,used,2,22295.03,89,2019,4.1,2,7,Silver,coupe,family
378,0,Chevrolet,Malibu,electric,Manual,new,0,65409.66,143,2025,4.1,2,4,Blue,coupe,family
379,0,Hyundai,Elantra,hybrid,Automatic,new,0,36663.83,93,2025,1.4,4,2,Silver,sedan,economy
380,0,Honda,Accord,diesel,Manual,new,0,65231.16,130,2025,2.1,2,5,Red,coupe,classic
381,0,Chevrolet,Cruze,diesel,Manual,new,0,24201.19,215,2025,3.3,2,2,Black,suv,sport
382,0,Chevrolet,Bolt,hybrid,Manual,new,0,73714.01,95,2024,1.4,2,2,White,pickup,economy
383,56943,Nissan,Leaf,hybrid,Manual,used,2,51906.3,117,2014,4.3,4,2,White,sedan,family
384,0,Kia,Optima,diesel,Manual,new,0,40485.0,239,2024,4.2,4,7,White,coupe,luxary
385,49774,Kia,Rio,diesel,Manual,used,2,54288.62,135,2020,3.0,4,2,Black,suv,luxary
386,67541,Mercedes-Benz,EQC,gasoline,Automatic,used,2,78302.96,266,2023,1.3,2,7,Green,pickup,classic
387,0,Honda,Accord,electric,Automatic,new,0,53490.6,307,2024,2.3,2,7,Blue,sedan,family
388,174080,Ford,Focus,hybrid,Automatic,used,2,29144.77,141,2015,4.5,2,4,Gray,convertible,family
389,56292,Chevrolet,Equinox,gasoline,Manual,used,2,34482.8,225,2023,4.7,4,5,Red,suv,luxary
390,0,Nissan,Leaf,hybrid,Manual,new,0,73569.92,97,2025,1.0,4,2,Green,sedan,luxary
391,105346,Audi,e-tron,electric,Manual,used,3,43287.35,178,2015,3.6,4,4,Blue,suv,family
392,0,Honda,Insight,gasoline,Automatic,new,0,15754.18,78,2025,1.6,4,7,Blue,coupe,economy
393,138540,Hyundai,Ioniq,electric,Manual,used,2,40006.46,185,2010,1.7,2,7,Green,convertible,classic
394,153937,Mercedes-Benz,EQC,electric,Manual,used,1,22355.68,316,2006,4.8,2,4,Gray,suv,sport
395,0,Kia,Rio,electric,Automatic,new,0,59464.81,346,2024,4.2,4,2,Black,suv,luxary
396,91904,Kia,Niro,electric,Manual,used,3,77437.78,220,2023,2.2,2,5,Gray,suv,sport
397,0,Toyota,Prius,diesel,Automatic,new,0,33643.02,112,2024,1.5,2,5,Black,convertible,classic
398,34242,Mercedes-Benz,GLC,gasoline,Automatic,used,3,57845.12,259,2005,4.2,4,4,White,convertible,classic
399,0,Toyota,RAV4,gasoline,Manual,new,0,63929.48,281,2024,4.1,2,7,Gray,convertible,economy
400,0,Nissan,Rogue,hybrid,Automatic,new,0,25894.03,274,2025,2.9,4,4,White,pickup,family
